{"age": 51.48337595907928, "bp": 76.46907216494846, "sg": 1.0174079320113267, "al": 1.0169491525423728, "su": 0.45014245014245013, "rbc": 0.8104838709677419, "pc": 0.7731343283582089, "pcc": 0.10606060606060606, "ba": 0.05555555555555555, "bgr": 148.0365168539326, "bu": 57.425721784776904, "sc": 3.072454308093998, "sod": 137.52875399361022, "pot": 4.627243589743591, "hemo": 12.526436781609197, "pcv": 38.88449848024316, "wbcc": 8406.122448979591, "rbcc": 4.707434944237921, "htn": 0.3693467336683417, "dm": 0.3442211055276382, "cad": 0.08542713567839195, "appet": 0.7944862155388471, "pe": 0.19047619047619047, "ane": 0.15037593984962405, "class": 0.375}