{"age": 16.95373424527278, "bp": 13.459441747893866, "sg": 0.005362662069897802, "al": 1.2707264704537575, "su": 1.028199266773584, "bgr": 74.68909768635744, "bu": 49.22424118070558, "sc": 5.61046386071383, "sod": 9.192760903838618, "pot": 2.816255683299716, "hemo": 2.712773848669104, "pcv": 8.140886152970273, "wbcc": 2520.0639771600236, "rbcc": 0.8392632633916549}