{"age": 16.953734245272774, "bp": 13.459441747893855, "sg": 0.005362662069897803, "al": 1.2707264704537578, "su": 1.0281992667735838, "bgr": 74.68909768635746, "bu": 49.224241180705604, "sc": 5.610463860713831, "sod": 9.192760903838613, "pot": 2.8162556832997154, "hemo": 2.712773848669104, "pcv": 8.140886152970271, "wbcc": 2520.0639771600236, "rbcc": 0.8392632633916551}